{"cameraMode":{"drawMode":0,"name":"Shaded","section":"Shading Mode"},"sceneLighting":false,"audioPlay":false,"sceneViewState":{"showFog":true,"showMaterialUpdate":true,"showSkybox":true,"showFlares":true,"showImageEffects":true,"showParticleSystems":true},"in2DMode":false,"pivot":{"x":112.80999755859375,"y":7.079999923706055,"z":0.05000000074505806},"rotation":{"x":-0.11703811585903168,"y":-0.006855461280792952,"z":0.0008078343234956265,"w":-0.9931034445762634},"size":5.308319568634033,"orthographic":false}